{
	"forge_marker": 1,
	"defaults": {
		"model": "minecraft:cube_all",
		"transform": "forge:default-block"
	},
	"variants": {
		"normal": [
			{
				
			}
		],
		"inventory": [
			{
				
			}
		],
		"density": {
			"light": {
				"textures": {
					"all": "adpother:blocks/nitrogen_light"
				}
			},
			"medium": {
				"textures": {
					"all": "adpother:blocks/nitrogen_medium"
				}
			},
			"heavy": {
				"textures": {
					"all": "adpother:blocks/nitrogen_heavy"
				}
			}
		}
	}
}
